学校名,办学类型,最高分,平均分,最低分,最低排名,省控线,录取批次,开设专业
安庆师范大学,普通本科,--,--,559.00,85053,490,平行录取二段,师范 学前教育 特殊教育 教育技术学 小学教育
贵州师范大学,普通本科,--,--,--,--,--,--,师范 教育学 学前教育 教育技术学 小学教育
北京师范大学珠海分校,独立学院,576.00,567.40,564.00,79493,588,平行录取一段,师范 教育学 学前教育 艺术教育
北京师范大学珠海分校,独立学院,--,--,564.00,79493,490,平行录取二段,师范 教育学 学前教育 艺术教育
内蒙古师范大学,普通本科,--,--,--,--,--,--,师范 教育学 学前教育 教育技术学 小学教育
兴义民族师范学院,普通本科,--,--,--,--,--,--,师范 学前教育 小学教育
连云港师范高等专科学校,专科（高职）,--,--,--,--,--,--,师范
黔南民族师范学院,普通本科,558.00,556.50,555.00,89385,490,平行录取二段,师范 教育学 学前教育 小学教育
海南师范大学,普通本科,--,--,588.00,53141,588,平行录取一段,师范 教育学 学前教育 特殊教育 教育技术学 小学教育
海南师范大学,普通本科,595.00,580.00,570.00,72877,490,平行录取二段,师范 教育学 学前教育 特殊教育 教育技术学 小学教育
遵义师范学院,普通本科,--,--,--,--,--,--,师范 教育学 学前教育 科学教育 小学教育
伊犁师范大学,普通本科,--,--,--,--,--,--,师范 学前教育 教育技术学 小学教育
广东技术师范大学天河学院,独立学院,--,--,--,--,--,--,师范
贵州师范大学求是学院,独立学院,--,--,443.00,195043,490,平行录取二段,师范 学前教育
集宁师范学院,普通本科,--,--,--,--,--,--,师范 小学教育
和田师范专科学校,专科（高职）,--,--,--,--,--,--,师范
徐州幼儿师范高等专科学校,专科（高职）,--,--,--,--,--,--,师范
广西师范大学,普通本科,592.00,575.00,563.00,80624,588,平行录取一段,师范 学前教育 科学教育 特殊教育 教育技术学 小学教育
广西师范大学,普通本科,--,--,563.00,80624,490,平行录取二段,师范 学前教育 科学教育 特殊教育 教育技术学 小学教育
广西师范大学,普通本科,--,--,563.00,80624,344,平行录取三段,师范 学前教育 科学教育 特殊教育 教育技术学 小学教育
玉林师范学院,普通本科,--,--,546.00,99147,490,平行录取二段,师范 学前教育 教育技术学 小学教育
南宁师范大学,普通本科,--,--,549.00,95883,490,平行录取二段,师范 教育学 学前教育 特殊教育 教育技术学 小学教育
贵州师范学院,普通本科,--,--,--,--,--,--,师范 学前教育 艺术教育 特殊教育
内蒙古师范大学鸿德学院,独立学院,--,--,--,--,--,--,师范 学前教育
哈尔滨师范大学,普通本科,594.00,587.00,583.00,58692,588,平行录取一段,师范 教育学 学前教育 科学教育 教育技术学 小学教育
哈尔滨师范大学,普通本科,--,--,583.00,58692,490,平行录取二段,师范 教育学 学前教育 科学教育 教育技术学 小学教育
湖南幼儿师范高等专科学校,专科（高职）,--,--,--,--,--,--,师范
淮阴师范学院,普通本科,--,--,556.00,88305,490,平行录取二段,师范
合肥幼儿师范高等专科学校,专科（高职）,--,--,--,--,--,--,师范
浙江第二师范学院,普通本科,--,--,--,--,--,--,师范
齐鲁师范学院,普通本科,--,--,--,--,--,--,师范 小学教育
淄博师范高等专科学校,专科（高职）,--,--,--,--,--,--,师范
广东第二师范学院,普通本科,--,--,--,--,--,--,师范 特殊教育
北京师范大学,普通本科,--,--,656.00,4911,588,平行录取一段,师范 教育学 学前教育 特殊教育 教育技术学
保定幼儿师范高等专科学校,专科（高职）,--,--,--,--,--,--,师范
内蒙古科技大学包头师范学院,普通本科,--,547.00,--,0,490,平行录取二段,师范 教育技术学 小学教育
湖南师范大学,普通本科,645.00,--,619.00,24442,588,平行录取一段,师范 教育学 学前教育 教育技术学
绵阳师范学院,普通本科,575.00,566.50,560.00,83957,490,平行录取二段,师范 学前教育 小学教育
内江师范学院,普通本科,562.00,--,550.00,94794,490,平行录取二段,师范 教育学 学前教育 小学教育
乐山师范学院,普通本科,--,--,549.00,95883,490,平行录取二段,师范 教育学 学前教育 科学教育 特殊教育 教育技术学 小学教育
六盘水师范学院,普通本科,--,--,--,--,--,--,师范 小学教育
曲靖师范学院,普通本科,--,--,548.00,96962,490,平行录取二段,师范 学前教育 教育技术学 小学教育
天水师范学院,普通本科,558.00,552.00,545.00,100206,490,平行录取二段,师范 学前教育 小学教育
首都师范大学,普通本科,--,--,620.00,23678,588,平行录取一段,师范 教育学 学前教育 教育技术学 小学教育
江苏第二师范学院,普通本科,--,--,--,--,--,--,师范 学前教育 科学教育 教育技术学 小学教育
天津师范大学,普通本科,618.00,--,590.00,51042,588,平行录取一段,师范 教育学 学前教育 教育技术学 小学教育
天津师范大学,普通本科,--,--,587.00,54216,490,平行录取二段,师范 教育学 学前教育 教育技术学 小学教育
河北师范大学,普通本科,604.00,--,588.00,53141,588,平行录取一段,师范 教育学 学前教育 科学教育 小学教育
河北师范大学,普通本科,--,--,579.00,63129,490,平行录取二段,师范 教育学 学前教育 科学教育 小学教育
阳泉师范高等专科学校,专科（高职）,--,--,--,--,--,--,师范
东北师范大学人文学院,独立学院,547.00,--,504.00,143172,490,平行录取二段,师范 学前教育
北京联合大学师范学院,普通本科,--,--,--,--,--,--,师范
晋中师范高等专科学校,专科（高职）,--,--,--,--,--,--,师范
辽宁特殊教育师范高等专科学校,专科（高职）,--,--,--,--,--,--,师范
天津职业技术师范大学,普通本科,--,--,554.00,90427,490,平行录取二段,师范 教育学 教育技术学
华南师范大学,普通本科,--,--,628.00,17973,588,平行录取一段,师范 教育学 学前教育 科学教育 特殊教育 教育技术学 小学教育
运城幼儿师范高等专科学校,专科（高职）,--,--,--,--,--,--,师范
桐城师范高等专科学校,专科（高职）,--,--,--,--,--,--,师范
山东师范大学,普通本科,618.00,596.00,588.00,53141,588,平行录取一段,师范 教育学 学前教育 小学教育
山东师范大学,普通本科,--,--,582.00,59826,490,平行录取二段,师范 教育学 学前教育 小学教育
唐山师范学院,普通本科,--,--,--,--,--,--,师范 教育学 学前教育 特殊教育 教育技术学 小学教育
廊坊师范学院,普通本科,572.00,--,550.00,94794,490,平行录取二段,师范 人文教育 教育学 学前教育 教育技术学 小学教育
南京师范大学,普通本科,--,--,635.00,13683,588,平行录取一段,师范 教育学 学前教育 教育技术学 小学教育
南京特殊教育师范学院,普通本科,--,--,558.00,86164,490,平行录取二段,师范 学前教育 教育康复学 特殊教育 教育技术学 小学教育
丽江师范高等专科学校,专科（高职）,--,--,--,--,--,--,师范
滇西科技师范学院,普通本科,--,--,--,--,--,--,师范 学前教育 特殊教育 小学教育
德宏师范高等专科学校,专科（高职）,--,--,--,--,--,--,师范
郑州师范学院,普通本科,--,--,--,--,--,--,师范 学前教育 科学教育 特殊教育 小学教育
华东师范大学,普通本科,--,--,651.00,6504,588,平行录取一段,师范 学前教育 艺术教育 教育康复学 特殊教育 教育技术学
川南幼儿师范高等专科学校,专科（高职）,--,--,--,--,--,--,师范
云南师范大学文理学院,独立学院,547.00,521.72,507.00,140230,490,平行录取二段,师范 艺术教育
朝阳师范高等专科学校,专科（高职）,--,--,--,--,--,--,师范
抚顺师范高等专科学校,专科（高职）,--,--,--,--,--,--,师范
锦州师范高等专科学校,专科（高职）,--,--,--,--,--,--,师范
铁岭师范高等专科学校,专科（高职）,--,--,--,--,--,--,师范 学前教育
沧州师范学院,普通本科,--,--,--,--,--,--,师范 学前教育 小学教育
东北师范大学,普通本科,647.00,--,589.00,52072,588,平行录取一段,师范 教育学 学前教育 教育技术学 小学教育
齐齐哈尔高等师范专科学校,专科（高职）,--,--,--,--,--,--,师范
黑龙江幼儿师范高等专科学校,专科（高职）,--,--,--,--,--,--,师范
内蒙古民族幼儿师范高等专科学校,专科（高职）,--,--,--,--,--,--,师范
盐城师范学院,普通本科,571.00,--,568.00,75133,490,平行录取二段,师范 学前教育 小学教育
贵阳幼儿师范高等专科学校,专科（高职）,--,--,--,--,--,--,师范
辽宁民族师范高等专科学校,专科（高职）,--,--,--,--,--,--,师范
铜仁幼儿师范高等专科学校,专科（高职）,--,--,--,--,--,--,师范
南通师范高等专科学校,专科（高职）,--,--,--,--,--,--,师范
湛江幼儿师范专科学校,专科（高职）,--,--,--,--,--,--,师范
江苏师范大学,普通本科,618.00,--,565.00,78326,588,平行录取一段,师范 教育学 学前教育 教育技术学 小学教育
江苏师范大学,普通本科,579.00,--,568.00,75133,490,平行录取二段,师范 教育学 学前教育 教育技术学 小学教育
广东茂名幼儿师范专科学校,专科（高职）,--,--,--,--,--,--,师范
陇南师范高等专科学校,专科（高职）,--,--,--,--,--,--,师范
定西师范高等专科学校,专科（高职）,--,--,--,--,--,--,师范
江西师范大学,普通本科,--,--,588.00,53141,588,平行录取一段,师范 学前教育 特殊教育 教育技术学
江西师范大学,普通本科,--,--,579.00,63129,490,平行录取二段,师范 学前教育 特殊教育 教育技术学
重庆师范大学,普通本科,--,--,588.00,53141,588,平行录取一段,师范 教育学 学前教育 艺术教育 科学教育 特殊教育 教育技术学 小学教育
重庆师范大学,普通本科,--,--,572.00,70694,490,平行录取二段,师范 教育学 学前教育 艺术教育 科学教育 特殊教育 教育技术学 小学教育
重庆师范大学,普通本科,--,--,576.00,66295,344,平行录取三段,师范 教育学 学前教育 艺术教育 科学教育 特殊教育 教育技术学 小学教育
河北民族师范学院,普通本科,--,--,--,--,--,--,师范 科学教育
江西师范高等专科学校,专科（高职）,--,--,490.00,156885,490,平行录取二段,师范
江西师范高等专科学校,专科（高职）,--,--,487.00,159662,344,平行录取三段,师范
阜阳幼儿师范高等专科学校,专科（高职）,--,--,--,--,--,--,师范
上饶师范学院,普通本科,596.00,--,560.00,83957,490,平行录取二段,师范 学前教育 教育技术学 小学教育
赣南师范大学,普通本科,--,--,590.00,51042,588,平行录取一段,师范 人文教育 教育学 学前教育 科学教育 教育技术学 小学教育
赣南师范大学,普通本科,--,--,560.00,83957,490,平行录取二段,师范 人文教育 教育学 学前教育 科学教育 教育技术学 小学教育
江西科技师范大学,普通本科,--,--,588.00,53141,588,平行录取一段,师范
江西科技师范大学,普通本科,--,--,556.00,88305,490,平行录取二段,师范
长江师范学院,普通本科,563.00,559.00,558.00,86164,490,平行录取二段,师范 小学教育
上海师范大学天华学院,独立学院,--,--,517.00,129871,490,平行录取二段,师范
广西科技师范学院,普通本科,--,--,--,--,--,--,师范 艺术教育 小学教育
桂林师范高等专科学校,专科（高职）,--,--,--,--,--,--,师范
鹤岗师范高等专科学校,专科（高职）,488.00,--,447.00,192243,344,平行录取三段,师范
鞍山师范学院,普通本科,--,--,550.00,94794,490,平行录取二段,师范 学前教育 教育技术学 小学教育
运城师范高等专科学校,专科（高职）,--,--,--,--,--,--,师范
朔州师范高等专科学校,专科（高职）,--,--,--,--,--,--,师范
闽江师范高等专科学校,专科（高职）,--,--,--,--,--,--,师范
吕梁学院汾阳师范分校,专科（高职）,--,--,--,--,--,--,师范
宁夏师范学院,普通本科,--,--,--,--,--,--,师范 人文教育 学前教育 科学教育 教育技术学 小学教育
沈阳师范大学,普通本科,--,--,553.00,91440,490,平行录取二段,师范 教育学 学前教育 教育技术学 小学教育
太原幼儿师范高等专科学校,专科（高职）,--,--,--,--,--,--,师范
辽宁师范大学,普通本科,--,--,571.00,71762,490,平行录取二段,师范 教育学 学前教育 特殊教育 教育技术学
湘中幼儿师范高等专科学校,专科（高职）,--,--,--,--,--,--,师范
黔南民族幼儿师范高等专科学校,专科（高职）,--,--,--,--,--,--,师范
河北科技师范学院,普通本科,566.00,--,550.00,94794,490,平行录取二段,师范 学前教育 科学教育 教育技术学 小学教育
新疆师范大学,普通本科,566.00,554.00,543.00,102323,490,平行录取二段,师范 教育学 学前教育 教育技术学 小学教育
毕节幼儿师范高等专科学校,专科（高职）,--,--,--,--,--,--,师范
六盘水幼儿师范高等专科学校,专科（高职）,--,--,--,--,--,--,师范
浙江师范大学,普通本科,--,--,588.00,53141,588,平行录取一段,师范 人文教育 教育学 学前教育 科学教育 特殊教育 教育技术学 小学教育
浙江师范大学,普通本科,--,--,587.00,54216,490,平行录取二段,师范 人文教育 教育学 学前教育 科学教育 特殊教育 教育技术学 小学教育
北京师范大学-香港浸会大学联合国际学院,中外合作办学,607.00,597.00,590.00,51042,588,平行录取一段,师范
杭州师范大学,普通本科,--,--,588.00,53141,588,平行录取一段,师范 人文教育 学前教育 科学教育 特殊教育 教育技术学 小学教育
杭州师范大学,普通本科,--,--,587.00,54216,490,平行录取二段,师范 人文教育 学前教育 科学教育 特殊教育 教育技术学 小学教育
湖州师范学院,普通本科,--,--,588.00,53141,588,平行录取一段,师范 学前教育 科学教育 教育技术学 小学教育
湖州师范学院,普通本科,--,--,512.00,135071,490,平行录取二段,师范 学前教育 科学教育 教育技术学 小学教育
湖州师范学院,普通本科,--,--,569.00,73990,344,平行录取三段,师范 学前教育 科学教育 教育技术学 小学教育
天津师范大学津沽学院,独立学院,--,--,--,--,--,--,师范 学前教育
陕西学前师范学院,普通本科,--,--,--,--,--,--,师范 教育学 学前教育 小学教育
云南师范大学商学院,独立学院,--,--,508.00,139184,490,平行录取二段,师范 学前教育 小学教育
云南师范大学商学院,独立学院,--,--,550.00,94794,344,平行录取三段,师范 学前教育 小学教育
吉林师范大学博达学院,独立学院,--,--,498.00,149176,490,平行录取二段,师范 学前教育 小学教育
首都师范大学继续教育学院,其他,--,--,--,--,--,--,师范 教育学 学前教育 教育技术学 小学教育
长春师范高等专科学校,专科（高职）,--,--,--,--,--,--,师范
宜春幼儿师范高等专科学校,专科（高职）,--,--,490.00,156885,490,平行录取二段,师范
宜春幼儿师范高等专科学校,专科（高职）,--,--,459.00,183500,344,平行录取三段,师范
唐山幼儿师范高等专科学校,专科（高职）,--,--,--,--,--,--,师范
四川师范大学,普通本科,--,--,588.00,53141,588,平行录取一段,师范 教育学 学前教育 科学教育 特殊教育 教育技术学 小学教育
四川师范大学,普通本科,--,--,576.00,66295,490,平行录取二段,师范 教育学 学前教育 科学教育 特殊教育 教育技术学 小学教育
西华师范大学,普通本科,--,--,588.00,53141,588,平行录取一段,师范 教育学 学前教育 科学教育 教育技术学 小学教育
西华师范大学,普通本科,--,--,573.00,69596,490,平行录取二段,师范 教育学 学前教育 科学教育 教育技术学 小学教育
合肥师范学院,普通本科,--,--,--,--,--,--,师范 教育学 学前教育
马鞍山师范高等专科学校,专科（高职）,--,--,--,--,--,--,师范
盐城幼儿师范高等专科学校,专科（高职）,--,--,--,--,--,--,师范
茂名学院高州师范分院,普通本科,--,--,--,--,--,--,师范
山西师范大学,普通本科,--,--,589.00,52072,588,平行录取一段,师范 教育学 学前教育 教育技术学 小学教育
山西师范大学,普通本科,--,--,557.00,87261,490,平行录取二段,师范 教育学 学前教育 教育技术学 小学教育
阿坝师范学院,普通本科,--,--,--,--,--,--,师范 学前教育
苏州幼儿师范高等专科学校,专科（高职）,--,--,--,--,--,--,师范
山西师范大学现代文理学院,独立学院,--,--,--,--,--,--,师范 学前教育 教育技术学
忻州师范学院,普通本科,--,--,--,--,--,--,师范 教育学 学前教育 艺术教育 科学教育 小学教育
上饶幼儿师范高等专科学校,专科（高职）,--,--,--,--,--,--,师范
太原师范学院,普通本科,576.00,564.00,552.00,92541,490,平行录取二段,师范 人文教育 教育学 学前教育 科学教育 小学教育
抚州幼儿师范高等专科学校,专科（高职）,--,--,--,--,--,--,师范
驻马店幼儿师范高等专科学校,其他,--,--,--,--,--,--,师范
辽宁师范大学海华学院,独立学院,--,--,--,--,--,--,师范
韩山师范学院,普通本科,--,--,--,--,--,--,师范 学前教育 教育技术学 小学教育
石家庄幼儿师范高等专科学校,专科（高职）,--,--,--,--,--,--,师范
岭南师范学院,普通本科,--,--,--,--,--,--,师范 学前教育 科学教育 特殊教育 教育技术学 小学教育
湖北幼儿师范高等专科学校,其他,--,--,--,--,--,--,师范
汉江师范学院,普通本科,--,--,490.00,156885,490,平行录取二段,师范 小学教育
汉江师范学院,普通本科,531.00,--,472.00,172986,344,平行录取三段,师范 小学教育
首都师范大学科德学院,独立学院,--,--,--,--,--,--,师范 小学教育
株洲师范高等专科学校,其他,--,--,--,--,--,--,师范
成都师范学院,普通本科,--,--,--,--,--,--,师范 学前教育 小学教育
甘肃民族师范学院,普通本科,--,--,--,--,--,--,师范 学前教育 小学教育
上海师范大学,普通本科,632.00,605.00,588.00,53141,588,平行录取一段,师范 学前教育 科学教育 教育技术学 小学教育
上海师范大学,普通本科,--,--,586.00,55339,490,平行录取二段,师范 学前教育 科学教育 教育技术学 小学教育
西北师范大学知行学院,独立学院,--,--,--,--,--,--,师范 学前教育
湘南幼儿师范高等专科学校,其他,--,--,--,--,--,--,师范
安徽师范大学,普通本科,615.00,--,588.00,53141,588,平行录取一段,师范 教育学 学前教育
安徽师范大学,普通本科,--,--,582.00,59826,490,平行录取二段,师范 教育学 学前教育
安徽师范大学,普通本科,--,--,563.00,80624,344,平行录取三段,师范 教育学 学前教育
广西民族师范学院,普通本科,--,--,--,--,--,--,师范 学前教育 小学教育
广西幼儿师范高等专科学校,专科（高职）,--,--,--,--,--,--,师范
广西师范大学漓江学院,独立学院,533.00,--,509.00,138225,490,平行录取二段,师范 学前教育
西昌民族幼儿师范高等专科学校,专科（高职）,--,--,--,--,--,--,师范
河南师范大学,普通本科,--,--,597.00,43871,588,平行录取一段,师范 教育学 学前教育 教育技术学 小学教育
河南师范大学,普通本科,601.00,--,553.00,91440,490,平行录取二段,师范 教育学 学前教育 教育技术学 小学教育
南宁师范大学师园学院,独立学院,--,--,--,--,--,--,师范 学前教育 小学教育
宁德师范学院,普通本科,--,--,--,--,--,--,师范 学前教育 艺术教育 小学教育
赣州师范高等专科学校,专科（高职）,--,--,492.00,154984,490,平行录取二段,师范
赣州师范高等专科学校,专科（高职）,--,--,483.00,163370,344,平行录取三段,师范
淮北师范大学,普通本科,584.00,--,564.00,79493,588,平行录取一段,师范 学前教育 特殊教育 教育技术学
淮北师范大学,普通本科,--,--,564.00,79493,490,平行录取二段,师范 学前教育 特殊教育 教育技术学
南昌师范学院,普通本科,--,--,--,--,--,--,师范 学前教育 科学教育 小学教育
湖北第二师范学院,普通本科,580.00,572.00,563.00,80624,490,平行录取二段,师范 教育学 学前教育 科学教育 教育技术学 小学教育
淮南师范学院,普通本科,--,--,554.00,90427,490,平行录取二段,师范 学前教育
陕西师范大学,普通本科,635.00,634.50,627.00,18652,588,平行录取一段,师范 教育学 学前教育 特殊教育 教育技术学
浙江师范大学行知学院,独立学院,--,--,525.00,121412,490,平行录取二段,师范
宁夏幼儿师范高等专科学校,其他,--,--,--,--,--,--,师范
杭州师范大学钱江学院,独立学院,--,--,540.00,105639,490,平行录取二段,师范
杭州师范大学钱江学院,独立学院,--,--,560.00,83957,344,平行录取三段,师范
湖州师范学院求真学院,独立学院,--,--,517.00,129871,490,平行录取二段,师范
湖州师范学院求真学院,独立学院,--,--,558.00,86164,344,平行录取三段,师范
云南师范大学,普通本科,--,--,588.00,53141,588,平行录取一段,师范 教育学 学前教育 艺术教育 特殊教育 华文教育 教育技术学
云南师范大学,普通本科,605.00,--,562.00,81741,490,平行录取二段,师范 教育学 学前教育 艺术教育 特殊教育 华文教育 教育技术学
安阳幼儿师范高等专科学校,专科（高职）,--,--,--,--,--,--,师范
玉溪师范学院,普通本科,565.00,--,546.00,99147,490,平行录取二段,师范 学前教育 教育技术学 小学教育
楚雄师范学院,普通本科,--,--,544.00,101293,490,平行录取二段,师范 学前教育 科学教育 教育技术学 小学教育
福建师范大学协和学院,独立学院,--,527.00,519.00,127789,490,平行录取二段,师范 学前教育
安徽师范大学皖江学院,独立学院,--,--,534.00,111905,490,平行录取二段,师范 学前教育 教育技术学
豫章师范学院,普通本科,--,--,549.00,95883,490,平行录取二段,师范 学前教育 艺术教育 科学教育 特殊教育 教育技术学 小学教育
豫章师范学院,普通本科,--,--,438.00,198276,344,平行录取三段,师范 学前教育 艺术教育 科学教育 特殊教育 教育技术学 小学教育
川北幼儿师范高等专科学校,专科（高职）,--,--,--,--,--,--,师范
淮北师范大学信息学院,独立学院,--,--,--,--,--,--,师范 学前教育
信阳师范学院,普通本科,553.00,--,552.00,92541,490,平行录取二段,师范 人文教育 教育学 学前教育 教育技术学 小学教育
安阳师范学院,普通本科,606.00,561.00,553.00,91440,588,平行录取一段,师范 教育学 学前教育 教育技术学 小学教育
安阳师范学院,普通本科,--,--,553.00,91440,490,平行录取二段,师范 教育学 学前教育 教育技术学 小学教育
咸阳师范学院,普通本科,563.00,556.50,550.00,94794,490,平行录取二段,师范 学前教育 教育技术学 小学教育
渭南师范学院,普通本科,559.00,550.00,541.00,104530,490,平行录取二段,师范 人文教育 教育学 学前教育 科学教育 教育技术学 小学教育
阜阳师范学院信息工程学院,独立学院,--,--,531.00,115060,490,平行录取二段,师范
青海师范大学,普通本科,--,--,--,--,--,--,师范 学前教育 教育技术学 小学教育
江西师范大学科学技术学院,独立学院,560.00,545.00,530.00,116093,490,平行录取二段,师范 学前教育 小学教育
拉萨师范高等专科学校,专科（高职）,--,--,--,--,--,--,师范
河北师范大学汇华学院,独立学院,--,--,--,--,--,--,师范 学前教育 教育康复学 特殊教育 小学教育
焦作师范高等专科学校,专科（高职）,--,--,490.00,156885,490,平行录取二段,师范
焦作师范高等专科学校,专科（高职）,494.00,490.00,480.00,166027,344,平行录取三段,师范
长春师范大学,普通本科,--,--,550.00,94794,490,平行录取二段,师范 人文教育 教育学 学前教育 科学教育 教育技术学 小学教育
赣南师范大学科技学院,独立学院,--,--,--,--,--,--,师范 教育学 学前教育 教育技术学 小学教育
吉林师范大学,普通本科,579.00,--,558.00,86164,588,平行录取一段,师范 教育学 学前教育 教育技术学 小学教育
吉林师范大学,普通本科,565.00,--,556.00,88305,490,平行录取二段,师范 教育学 学前教育 教育技术学 小学教育
江西科技师范大学理工学院,独立学院,--,--,541.00,104530,490,平行录取二段,师范
泉州幼儿师范高等专科学校,专科（高职）,--,--,--,--,--,--,师范
济南幼儿师范高等专科学校,专科（高职）,--,--,--,--,--,--,师范
吉林工程技术师范学院,普通本科,550.00,--,548.00,96962,490,平行录取二段,师范 教育学 教育技术学
衡阳师范学院,普通本科,567.00,549.00,536.00,109773,490,平行录取二段,师范 学前教育 教育技术学
首都师范大学科德学院高教自考,其他,--,--,--,--,--,--,师范
通化师范学院,普通本科,--,--,547.00,98072,490,平行录取二段,师范 教育学 学前教育 教育技术学
白城师范学院,普通本科,--,--,516.00,130919,490,平行录取二段,师范 学前教育 教育技术学 小学教育
福建幼儿师范高等专科学校,专科（高职）,--,--,--,--,--,--,师范
湖南第一师范学院,普通本科,581.00,569.00,558.00,86164,490,平行录取二段,师范 学前教育 科学教育 教育技术学 小学教育
南京师范大学泰州学院,独立学院,--,--,530.00,116093,490,平行录取二段,师范 学前教育 小学教育
湖南师范大学树达学院,独立学院,--,--,--,--,--,--,师范 学前教育
华中师范大学,普通本科,653.00,644.17,638.00,12067,588,平行录取一段,师范 教育学 学前教育 艺术教育 科学教育 特殊教育 教育技术学
衡阳师范学院南岳学院,独立学院,--,--,--,--,--,--,师范 学前教育
湖北师范大学文理学院,独立学院,--,--,--,--,--,--,师范 学前教育 小学教育
湖北师范大学,普通本科,602.00,595.00,588.00,53141,588,平行录取一段,师范 教育学 学前教育 特殊教育 教育技术学 小学教育
湖北师范大学,普通本科,--,--,569.00,73990,490,平行录取二段,师范 教育学 学前教育 特殊教育 教育技术学 小学教育
黄冈师范学院,普通本科,--,--,--,--,--,--,师范 学前教育 科学教育 教育技术学
牡丹江师范学院,普通本科,543.00,--,542.00,103416,490,平行录取二段,师范 教育学 学前教育 科学教育 教育技术学 小学教育
四川幼儿师范高等专科学校,专科（高职）,--,--,--,--,--,--,师范
重庆师范大学涉外商贸学院,普通本科,557.00,--,503.00,144191,490,平行录取二段,师范
重庆师范大学涉外商贸学院,普通本科,--,--,557.00,87261,344,平行录取三段,师范
广东技术师范大学,普通本科,--,--,--,--,--,--,师范 学前教育 教育技术学
长沙师范学院,普通本科,--,--,--,--,--,--,师范 学前教育 科学教育 小学教育
重庆第二师范学院,普通本科,--,--,--,--,--,--,师范 学前教育 艺术教育 小学教育
福建师范大学,普通本科,624.00,604.00,591.00,49957,588,平行录取一段,师范 教育学 学前教育 教育技术学 小学教育
福建师范大学,普通本科,--,--,574.00,68468,490,平行录取二段,师范 教育学 学前教育 教育技术学 小学教育
泉州师范学院,普通本科,--,--,535.00,110842,490,平行录取二段,师范 学前教育 艺术教育 特殊教育 教育技术学 小学教育
闽南师范大学,普通本科,--,--,591.00,49957,588,平行录取一段,师范 学前教育 科学教育 教育技术学 小学教育
闽南师范大学,普通本科,592.00,578.00,570.00,72877,490,平行录取二段,师范 学前教育 科学教育 教育技术学 小学教育
郑州幼儿师范高等专科学校,专科（高职）,--,--,--,--,--,--,师范
洛阳师范学院,普通本科,574.00,--,550.00,94794,490,平行录取二段,师范 教育学 学前教育 小学教育
周口师范学院,普通本科,564.00,--,548.00,96962,490,平行录取二段,师范 学前教育 小学教育
南阳师范学院,普通本科,--,--,550.00,94794,490,平行录取二段,师范 教育学 学前教育 教育技术学 小学教育
商丘师范学院,普通本科,--,--,549.00,95883,490,平行录取二段,师范 学前教育 小学教育
新疆师范高等专科学校,专科（高职）,--,--,--,--,--,--,师范
哈尔滨幼儿师范高等专科学校,专科（高职）,--,--,--,--,--,--,师范 学前教育
西北师范大学,普通本科,596.00,575.00,561.00,82841,588,平行录取一段,师范 教育技术学
西北师范大学,普通本科,--,--,561.00,82841,490,平行录取二段,师范 教育技术学
琼台师范学院,普通本科,567.00,--,558.00,86164,490,平行录取二段,师范 学前教育 科学教育 小学教育
琼台师范学院,普通本科,549.00,--,491.00,155917,344,平行录取三段,师范 学前教育 科学教育 小学教育
南京师范大学中北学院,独立学院,--,--,551.00,93653,490,平行录取二段,师范
大庆师范学院,普通本科,549.00,--,547.00,98072,588,平行录取一段,师范 学前教育
大庆师范学院,普通本科,--,--,546.00,99147,490,平行录取二段,师范 学前教育
重庆幼儿师范高等专科学校,专科（高职）,--,--,--,--,--,--,师范
江苏师范大学科文学院,独立学院,--,--,528.00,118144,490,平行录取二段,师范
河南师范大学新联学院,独立学院,--,--,--,--,--,--,师范 学前教育 教育技术学 小学教育
曲阜师范大学,普通本科,--,--,588.00,53141,588,平行录取一段,师范 教育学 教育技术学 小学教育
曲阜师范大学,普通本科,--,--,554.00,90427,490,平行录取二段,师范 教育学 教育技术学 小学教育
阜阳师范学院,普通本科,--,--,559.00,85053,490,平行录取二段,师范 学前教育 科学教育 小学教育
保定学院,普通本科,--,--,--,--,--,--,人文教育 学前教育 科学教育 特殊教育 教育技术学 小学教育
黑河学院,普通本科,--,--,--,--,--,--,人文教育 学前教育 教育技术学 小学教育
怀化学院,普通本科,--,--,550.00,94794,490,平行录取二段,人文教育 学前教育 科学教育 小学教育
韶关学院,普通本科,579.00,576.20,559.00,85053,490,平行录取二段,人文教育 学前教育 艺术教育 小学教育
湖南人文科技学院,普通本科,--,--,549.00,95883,490,平行录取二段,人文教育 学前教育
香港城市大学,普通本科,--,--,--,--,--,--,人文教育
百色学院,普通本科,--,--,--,--,--,--,人文教育 学前教育 小学教育
许昌学院,普通本科,564.00,--,547.00,98072,588,平行录取一段,人文教育 学前教育 科学教育 小学教育
许昌学院,普通本科,--,--,547.00,98072,490,平行录取二段,人文教育 学前教育 科学教育 小学教育
宁波大学,普通本科,--,--,595.00,45903,588,平行录取一段,人文教育 教育学 学前教育 科学教育 教育技术学 小学教育
石家庄学院,普通本科,--,--,--,--,--,--,人文教育 教育学 学前教育 教育技术学 小学教育
河西学院,普通本科,--,--,--,--,--,--,人文教育 学前教育 教育技术学 小学教育
台州学院,普通本科,--,--,588.00,53141,588,平行录取一段,人文教育 学前教育 科学教育 小学教育
台州学院,普通本科,--,--,555.00,89385,490,平行录取二段,人文教育 学前教育 科学教育 小学教育
贵州财经大学,普通本科,--,--,--,--,--,--,教育学
徐州工程学院,普通本科,571.00,--,557.00,87261,490,平行录取二段,教育学 学前教育 小学教育
鲁东大学,普通本科,586.00,--,556.00,88305,490,平行录取二段,教育学 学前教育 小学教育
湖南大学,普通本科,--,--,639.00,11580,588,平行录取一段,教育学
中央民族大学,普通本科,--,--,637.00,12607,588,平行录取一段,教育学
北京城市学院,普通本科,--,--,536.00,109773,490,平行录取二段,教育学 学前教育 小学教育
河北大学,普通本科,612.00,594.00,588.00,53141,588,平行录取一段,教育学 学前教育 教育技术学
河北大学,普通本科,--,--,584.00,57599,490,平行录取二段,教育学 学前教育 教育技术学
天津大学,普通本科,666.00,653.00,650.00,6869,588,平行录取一段,教育学
郑州大学,普通本科,644.00,--,619.00,24442,588,平行录取一段,教育学
新疆大学,普通本科,588.00,554.00,520.00,126743,588,平行录取一段,教育学 学前教育 科学教育 教育技术学
新疆大学,普通本科,582.00,538.00,495.00,152160,490,平行录取二段,教育学 学前教育 科学教育 教育技术学
邢台学院,普通本科,--,--,550.00,94794,490,平行录取二段,教育学 学前教育 小学教育
兰州大学,普通本科,641.00,633.83,629.00,17343,588,平行录取一段,教育学 教育技术学
中央司法警官学院,普通本科,--,--,--,--,--,--,教育学
浙江大学,普通本科,--,--,658.00,4345,588,平行录取一段,教育学 教育技术学
邯郸学院,普通本科,--,--,551.00,93653,490,平行录取二段,教育学 学前教育 教育康复学 特殊教育
邯郸学院,普通本科,--,--,562.00,81741,344,平行录取三段,教育学 学前教育 教育康复学 特殊教育
苏州大学,普通本科,658.00,645.80,615.00,27648,588,平行录取一段,教育学
华中科技大学,普通本科,--,--,646.00,8376,588,平行录取一段,教育学 教育技术学
江苏理工学院,普通本科,--,--,588.00,53141,588,平行录取一段,教育学 小学教育
江苏理工学院,普通本科,--,--,557.00,87261,490,平行录取二段,教育学 小学教育
扬州大学,普通本科,616.00,--,595.00,45903,588,平行录取一段,教育学 学前教育 教育技术学 小学教育
四川外国语大学,普通本科,--,--,588.00,53141,588,平行录取一段,教育学 学前教育
四川外国语大学,普通本科,--,--,587.00,54216,490,平行录取二段,教育学 学前教育
石河子大学,普通本科,614.00,596.00,588.00,53141,588,平行录取一段,教育学 学前教育 科学教育 教育技术学
石河子大学,普通本科,--,--,579.00,63129,490,平行录取二段,教育学 学前教育 科学教育 教育技术学
西安欧亚学院,普通本科,534.00,512.00,503.00,144191,490,平行录取二段,教育学
西安欧亚学院,普通本科,499.00,450.00,396.00,219423,344,平行录取三段,教育学
喀什大学,普通本科,--,--,--,--,--,--,教育学 学前教育 教育技术学 小学教育
三明学院,普通本科,564.00,--,553.00,91440,490,平行录取二段,教育学 学前教育 小学教育
山西大学,普通本科,628.00,--,588.00,53141,588,平行录取一段,教育学 学前教育
山西大学,普通本科,--,--,585.00,56498,490,平行录取二段,教育学 学前教育
广东外语外贸大学,普通本科,655.00,636.60,623.00,21388,588,平行录取一段,教育学
上海杉达学院,普通本科,--,--,490.00,156885,490,平行录取二段,教育学 小学教育
上海杉达学院,普通本科,--,--,344.00,234340,344,平行录取三段,教育学 小学教育
延安大学,普通本科,--,--,588.00,53141,588,平行录取一段,教育学 学前教育 教育技术学
延安大学,普通本科,588.00,568.00,553.00,91440,490,平行录取二段,教育学 学前教育 教育技术学
西安思源学院,普通本科,--,--,490.00,156885,490,平行录取二段,教育学
西安思源学院,普通本科,--,--,344.00,234340,344,平行录取三段,教育学
西藏大学,普通本科,--,--,--,--,--,--,教育学 教育技术学
宝鸡文理学院,普通本科,561.00,551.80,546.00,99147,490,平行录取二段,教育学 学前教育 教育技术学
湖南科技大学,普通本科,604.00,596.00,588.00,53141,588,平行录取一段,教育学 教育技术学 小学教育
湖南科技大学,普通本科,587.00,579.00,571.00,71762,490,平行录取二段,教育学 教育技术学 小学教育
湖南农业大学,普通本科,--,--,588.00,53141,588,平行录取一段,教育学 教育技术学
湖南农业大学,普通本科,--,--,566.00,77285,490,平行录取二段,教育学 教育技术学
晋中学院,普通本科,--,--,--,--,--,--,教育学 学前教育 小学教育
吉林外国语大学,普通本科,572.00,--,502.00,145196,490,平行录取二段,教育学 学前教育
黑龙江大学,普通本科,--,--,588.00,53141,588,平行录取一段,教育学
黑龙江大学,普通本科,--,--,579.00,63129,490,平行录取二段,教育学
西南大学,普通本科,--,--,614.00,28475,588,平行录取一段,教育学 学前教育 特殊教育 教育技术学
中南民族大学,普通本科,--,--,588.00,53141,588,平行录取一段,教育学
中南民族大学,普通本科,--,--,572.00,70694,490,平行录取二段,教育学
齐齐哈尔大学,普通本科,573.00,--,547.00,98072,490,平行录取二段,教育学 学前教育 教育技术学
湖北大学,普通本科,589.00,--,588.00,53141,588,平行录取一段,教育学 学前教育 教育技术学
湖北大学,普通本科,--,--,566.00,77285,490,平行录取二段,教育学 学前教育 教育技术学
长江大学,普通本科,--,--,588.00,53141,588,平行录取一段,教育学 学前教育 教育技术学
长江大学,普通本科,--,--,559.00,85053,490,平行录取二段,教育学 学前教育 教育技术学
江汉大学,普通本科,--,--,588.00,53141,588,平行录取一段,教育学 教育技术学
江汉大学,普通本科,--,--,570.00,72877,490,平行录取二段,教育学 教育技术学
河南大学,普通本科,635.00,--,588.00,53141,588,平行录取一段,教育学 学前教育 教育技术学
河南大学,普通本科,--,--,572.00,70694,490,平行录取二段,教育学 学前教育 教育技术学
西藏民族大学,普通本科,--,--,--,--,--,--,教育学 学前教育 教育技术学
聊城大学,普通本科,--,--,563.00,80624,490,平行录取二段,教育学 学前教育 教育技术学 小学教育
内蒙古民族大学,普通本科,--,--,544.00,101293,490,平行录取二段,教育学 学前教育 教育技术学
信阳学院,普通本科,--,--,--,--,--,--,教育学 学前教育
广东外语外贸大学南国商学院,独立学院,--,--,--,--,--,--,学前教育
济宁学院,普通本科,--,--,--,--,--,--,学前教育 小学教育
德州学院,普通本科,--,--,553.00,91440,490,平行录取二段,学前教育 小学教育
中国石油大学胜利学院,独立学院,548.00,--,521.00,125661,490,平行录取二段,学前教育
山东英才学院,普通本科,--,--,490.00,156885,490,平行录取二段,学前教育
山东英才学院,普通本科,--,--,431.00,202546,344,平行录取三段,学前教育
烟台南山学院,普通本科,--,--,513.00,134025,490,平行录取二段,学前教育
烟台南山学院,普通本科,--,--,396.00,219423,344,平行录取三段,学前教育
天津体育学院,普通本科,--,--,555.00,89385,490,平行录取二段,学前教育 特殊教育 教育技术学
青岛恒星科技学院,普通本科,--,--,344.00,234340,344,平行录取三段,学前教育 教育技术学
青岛黄海学院,普通本科,--,--,490.00,156885,490,平行录取二段,学前教育
青岛黄海学院,普通本科,--,--,382.00,224470,344,平行录取三段,学前教育
昭通学院,普通本科,--,--,--,--,--,--,学前教育 艺术教育 小学教育
普洱学院,普通本科,--,--,--,--,--,--,学前教育 特殊教育 小学教育
延边大学,普通本科,627.00,--,603.00,38124,588,平行录取一段,学前教育 教育技术学 小学教育
云南经济管理学院,普通本科,512.00,504.50,499.00,148205,490,平行录取二段,学前教育 艺术教育 小学教育
云南经济管理学院,普通本科,--,--,370.00,228181,344,平行录取三段,学前教育 艺术教育 小学教育
云南工商学院,普通本科,--,--,--,--,--,--,学前教育
南京晓庄学院,普通本科,--,--,588.00,53141,588,平行录取一段,学前教育 小学教育
南京晓庄学院,普通本科,--,--,562.00,81741,490,平行录取二段,学前教育 小学教育
常州工学院,普通本科,--,--,--,--,--,--,学前教育 小学教育
苏州科技大学,普通本科,611.00,--,588.00,53141,588,平行录取一段,学前教育
苏州科技大学,普通本科,--,--,577.00,65245,490,平行录取二段,学前教育
东华理工大学,普通本科,598.00,--,577.00,65245,490,平行录取二段,学前教育
宜春学院,普通本科,583.00,--,553.00,91440,490,平行录取二段,学前教育
井冈山大学,普通本科,--,--,558.00,86164,490,平行录取二段,学前教育 小学教育
西安交通工程学院,普通本科,516.00,513.00,490.00,156885,490,平行录取二段,学前教育
西安交通工程学院,普通本科,499.00,444.00,402.00,217052,344,平行录取三段,学前教育
渤海大学,普通本科,--,--,555.00,89385,490,平行录取二段,学前教育 科学教育 教育技术学 小学教育
沈阳大学,普通本科,--,--,568.00,75133,490,平行录取二段,学前教育 小学教育
西南民族大学,普通本科,--,--,588.00,53141,588,平行录取一段,学前教育
西南民族大学,普通本科,--,--,570.00,72877,490,平行录取二段,学前教育
昌吉学院,普通本科,--,--,--,--,--,--,学前教育 教育技术学
嘉兴学院,普通本科,--,--,588.00,53141,588,平行录取一段,学前教育 小学教育
嘉兴学院,普通本科,--,--,498.00,149176,490,平行录取二段,学前教育 小学教育
西华大学,普通本科,--,--,588.00,53141,588,平行录取一段,学前教育
西华大学,普通本科,--,--,557.00,87261,490,平行录取二段,学前教育
绍兴文理学院,普通本科,--,--,588.00,53141,588,平行录取一段,学前教育 科学教育 小学教育
绍兴文理学院,普通本科,--,--,538.00,107751,490,平行录取二段,学前教育 科学教育 小学教育
温州大学,普通本科,--,--,588.00,53141,588,平行录取一段,学前教育 教育技术学 小学教育
温州大学,普通本科,--,--,568.00,75133,490,平行录取二段,学前教育 教育技术学 小学教育
呼和浩特民族学院,普通本科,--,--,--,--,--,--,学前教育 科学教育 小学教育
四川轻化工大学,普通本科,568.00,--,545.00,100206,490,平行录取二段,学前教育
广东石油化工学院,普通本科,--,--,551.00,93653,490,平行录取二段,学前教育 教育技术学
广州大学,普通本科,--,--,--,--,--,--,学前教育 特殊教育 教育技术学 小学教育
惠州学院,普通本科,--,--,--,--,--,--,学前教育 小学教育
嘉应学院,普通本科,--,--,--,--,--,--,学前教育 教育技术学 小学教育
佛山科学技术学院,普通本科,--,--,--,--,--,--,学前教育 教育技术学
黄山学院,普通本科,--,--,--,--,--,--,学前教育 小学教育
云南民族大学,普通本科,--,--,555.00,89385,490,平行录取二段,学前教育 教育技术学 小学教育
红河学院,普通本科,561.00,549.81,545.00,100206,490,平行录取二段,学前教育 教育技术学 小学教育
红河学院,普通本科,--,--,561.00,82841,344,平行录取三段,学前教育 教育技术学 小学教育
大理大学,普通本科,593.00,--,588.00,53141,588,平行录取一段,学前教育 小学教育
大理大学,普通本科,--,--,558.00,86164,490,平行录取二段,学前教育 小学教育
陕西理工大学,普通本科,--,--,588.00,53141,588,平行录取一段,学前教育 教育技术学
陕西理工大学,普通本科,--,--,552.00,92541,490,平行录取二段,学前教育 教育技术学
陕西理工大学,普通本科,--,--,564.00,79493,344,平行录取三段,学前教育 教育技术学
青海民族大学,普通本科,554.00,538.00,522.00,124610,490,平行录取二段,学前教育
北华大学,普通本科,--,--,588.00,53141,588,平行录取一段,学前教育 教育技术学 小学教育
北华大学,普通本科,589.00,--,545.00,100206,490,平行录取二段,学前教育 教育技术学 小学教育
吉首大学,普通本科,--,--,602.00,39082,588,平行录取一段,学前教育 小学教育
吉首大学,普通本科,604.00,--,556.00,88305,490,平行录取二段,学前教育 小学教育
郑州商学院,普通本科,--,--,513.00,134025,490,平行录取二段,学前教育
郑州科技学院,普通本科,--,--,--,--,--,--,学前教育
江汉大学文理学院,独立学院,--,--,--,--,--,--,学前教育
湖南文理学院,普通本科,574.00,--,553.00,91440,490,平行录取二段,学前教育
佳木斯大学,普通本科,--,--,552.00,92541,490,平行录取二段,学前教育 教育技术学 小学教育
湖北工程学院,普通本科,--,--,554.00,90427,490,平行录取二段,学前教育 小学教育
成都大学,普通本科,586.00,569.00,560.00,83957,490,平行录取二段,学前教育 特殊教育 小学教育
哈尔滨学院,普通本科,571.00,555.00,548.00,96962,490,平行录取二段,学前教育 小学教育
成都文理学院,独立学院,--,--,511.00,136117,490,平行录取二段,学前教育
湖北科技学院,普通本科,--,--,554.00,90427,490,平行录取二段,学前教育 小学教育
湖北文理学院,普通本科,--,--,549.00,95883,490,平行录取二段,学前教育 科学教育 教育技术学
集美大学,普通本科,608.00,597.00,588.00,53141,588,平行录取一段,学前教育 教育技术学 小学教育
集美大学,普通本科,--,--,583.00,58692,490,平行录取二段,学前教育 教育技术学 小学教育
保山学院,普通本科,--,--,--,--,--,--,学前教育 艺术教育 教育技术学 小学教育
文山学院,普通本科,560.00,--,547.00,98072,490,平行录取二段,学前教育 教育技术学 小学教育
聊城大学东昌学院,独立学院,--,--,--,--,--,--,学前教育
莆田学院,普通本科,--,--,--,--,--,--,学前教育 小学教育
潍坊理工学院,独立学院,--,--,--,--,--,--,学前教育
哈尔滨剑桥学院,普通本科,--,--,--,--,--,--,学前教育 小学教育
临沂大学,普通本科,--,--,556.00,88305,490,平行录取二段,学前教育 科学教育 教育技术学 小学教育
青岛大学,普通本科,--,--,588.00,53141,588,平行录取一段,学前教育 教育技术学 小学教育
青岛大学,普通本科,--,--,583.00,58692,490,平行录取二段,学前教育 教育技术学 小学教育
南京审计学院金审学院,独立学院,--,--,--,--,--,--,学前教育
西安科技大学高新学院,普通本科,--,--,513.00,134025,490,平行录取二段,学前教育
贵州民族大学,普通本科,--,--,--,--,--,--,学前教育 教育技术学
贵州民族大学人文科技学院,普通本科,--,--,--,--,--,--,学前教育
泰山学院,普通本科,556.00,--,553.00,91440,490,平行录取二段,学前教育 小学教育
潍坊学院,普通本科,575.00,--,551.00,93653,490,平行录取二段,学前教育 特殊教育 教育技术学 小学教育
山东女子学院,普通本科,--,--,--,--,--,--,学前教育
中国矿业大学银川学院,独立学院,--,--,--,--,--,--,学前教育 小学教育
中华女子学院,普通本科,--,--,588.00,53141,588,平行录取一段,学前教育
中华女子学院,普通本科,582.00,--,490.00,156885,490,平行录取二段,学前教育
中华女子学院,普通本科,--,--,450.00,190100,344,平行录取三段,学前教育
北京联合大学,普通本科,--,--,588.00,53141,588,平行录取一段,学前教育 教育康复学 特殊教育 小学教育
北京联合大学,普通本科,--,--,577.00,65245,490,平行录取二段,学前教育 教育康复学 特殊教育 小学教育
河北北方学院,普通本科,--,--,588.00,53141,588,平行录取一段,学前教育
河北北方学院,普通本科,--,--,580.00,62030,490,平行录取二段,学前教育
衡水学院,普通本科,--,--,548.00,96962,490,平行录取二段,学前教育 小学教育
四川民族学院,普通本科,--,--,--,--,--,--,学前教育 小学教育
华北理工大学轻工学院,独立学院,--,--,--,--,--,--,学前教育
南通大学,普通本科,611.00,586.00,571.00,71762,588,平行录取一段,学前教育 小学教育
南通大学,普通本科,--,--,571.00,71762,490,平行录取二段,学前教育 小学教育
广西外国语学院,普通本科,--,--,505.00,142217,490,平行录取二段,学前教育
山东协和学院,普通本科,--,--,490.00,156885,490,平行录取二段,学前教育
山东协和学院,普通本科,--,--,455.00,186498,344,平行录取三段,学前教育
郑州升达经贸管理学院,普通本科,--,--,--,--,--,--,学前教育
山西工商学院,普通本科,--,--,--,--,--,--,学前教育
商丘学院,独立学院,--,--,--,--,--,--,学前教育
四川文理学院,普通本科,--,--,--,--,--,--,学前教育 特殊教育 小学教育
北京吉利学院,普通本科,558.00,--,490.00,156885,490,平行录取二段,学前教育 小学教育
北京吉利学院,普通本科,507.00,--,386.00,223122,344,平行录取三段,学前教育 小学教育
南阳理工学院,普通本科,564.00,551.00,538.00,107751,490,平行录取二段,学前教育 小学教育
张家口学院,普通本科,--,--,--,--,--,--,学前教育 小学教育
江西科技学院,普通本科,--,--,490.00,156885,490,平行录取二段,学前教育
江西科技学院,普通本科,--,--,344.00,234340,344,平行录取三段,学前教育
平顶山学院,普通本科,--,--,--,--,--,--,学前教育 小学教育
萍乡学院,普通本科,567.00,--,490.00,156885,490,平行录取二段,学前教育 小学教育
萍乡学院,普通本科,--,--,495.00,152160,344,平行录取三段,学前教育 小学教育
景德镇学院,普通本科,--,--,490.00,156885,490,平行录取二段,学前教育 小学教育
景德镇学院,普通本科,--,--,479.00,166895,344,平行录取三段,学前教育 小学教育
新余学院,普通本科,--,--,553.00,91440,490,平行录取二段,学前教育
运城学院,普通本科,--,--,545.00,100206,490,平行录取二段,学前教育 小学教育
西昌学院,普通本科,--,--,--,--,--,--,学前教育 小学教育
江西旅游商贸职业学院,专科（高职）,--,--,344.00,234340,344,平行录取三段,学前教育
肇庆学院,普通本科,--,--,--,--,--,--,学前教育 小学教育
湖北理工学院,普通本科,565.00,558.27,555.00,89385,490,平行录取二段,学前教育 小学教育
河池学院,普通本科,--,--,--,--,--,--,学前教育 小学教育
重庆文理学院,普通本科,575.00,--,557.00,87261,490,平行录取二段,学前教育 小学教育
西安文理学院,普通本科,--,--,553.00,91440,490,平行录取二段,学前教育 小学教育
昆明学院,普通本科,--,--,--,--,--,--,学前教育 特殊教育 教育技术学 小学教育
泰州学院,普通本科,--,--,--,--,--,--,学前教育 小学教育
绥化学院,普通本科,--,--,--,--,--,--,学前教育 教育康复学 特殊教育
辽宁科技学院,普通本科,--,--,--,--,--,--,学前教育
贵阳学院,普通本科,--,--,--,--,--,--,学前教育 科学教育 小学教育
宜宾学院,普通本科,564.00,557.21,552.00,92541,490,平行录取二段,学前教育 小学教育
榆林学院,普通本科,--,--,--,--,--,--,学前教育
塔里木大学,普通本科,--,--,--,--,--,--,学前教育
山东广播电视大学,普通本科,--,--,--,--,--,--,学前教育
现代软件学院,其他,--,--,--,--,--,--,学前教育
郑州工商学院,普通本科,--,--,505.00,142217,490,平行录取二段,学前教育
商丘工学院,普通本科,--,--,494.00,153097,490,平行录取二段,学前教育 小学教育
宿迁学院,普通本科,--,--,--,--,--,--,学前教育 小学教育
洛阳理工学院,普通本科,569.00,--,552.00,92541,490,平行录取二段,学前教育
常熟理工学院,普通本科,601.00,--,556.00,88305,490,平行录取二段,学前教育 小学教育
湖南涉外经济学院,普通本科,--,--,509.00,138225,490,平行录取二段,学前教育
湖南涉外经济学院,普通本科,--,--,550.00,94794,344,平行录取三段,学前教育
滨州学院,普通本科,--,--,551.00,93653,490,平行录取二段,学前教育 小学教育
集美大学诚毅学院,独立学院,570.00,547.00,536.00,109773,490,平行录取二段,学前教育
重庆人文科技学院,普通本科,554.00,--,503.00,144191,490,平行录取二段,学前教育
重庆人文科技学院,普通本科,--,--,551.00,93653,344,平行录取三段,学前教育
贵州工程应用技术学院,普通本科,557.00,555.50,553.00,91440,490,平行录取二段,学前教育 特殊教育 小学教育
呼伦贝尔学院,普通本科,--,549.00,549.00,95883,490,平行录取二段,学前教育 教育技术学
青岛滨海学院,普通本科,--,--,490.00,156885,490,平行录取二段,学前教育
青岛滨海学院,普通本科,481.00,--,406.00,215342,344,平行录取三段,学前教育
枣庄学院,普通本科,557.00,554.00,552.00,92541,490,平行录取二段,学前教育 小学教育
滁州学院,普通本科,--,--,561.00,82841,490,平行录取二段,学前教育 小学教育
海南热带海洋学院,普通本科,587.00,557.00,530.00,116093,490,平行录取二段,学前教育 小学教育
龙岩学院,普通本科,--,--,558.00,86164,490,平行录取二段,学前教育 小学教育
梧州学院,普通本科,559.00,--,547.00,98072,490,平行录取二段,学前教育 小学教育
丽水学院,普通本科,--,--,588.00,53141,588,平行录取一段,学前教育 小学教育
丽水学院,普通本科,--,--,490.00,156885,490,平行录取二段,学前教育 小学教育
丽水学院,普通本科,--,--,457.00,185025,344,平行录取三段,学前教育 小学教育
北部湾大学,普通本科,--,--,546.00,99147,490,平行录取二段,学前教育 小学教育
长治学院,普通本科,--,--,--,--,--,--,学前教育 教育技术学
贺州学院,普通本科,--,--,--,--,--,--,学前教育 小学教育
商洛学院,普通本科,554.00,549.60,547.00,98072,490,平行录取二段,学前教育
安康学院,普通本科,--,--,--,--,--,--,学前教育 小学教育
菏泽学院,普通本科,--,--,--,--,--,--,学前教育 特殊教育 小学教育
铜仁学院,普通本科,--,--,--,--,--,--,学前教育 艺术教育 特殊教育 教育技术学 小学教育
安顺学院,普通本科,--,--,--,--,--,--,学前教育 教育康复学 特殊教育
凯里学院,普通本科,--,--,--,--,--,--,学前教育 艺术教育 小学教育
兰州城市学院,普通本科,--,553.70,547.00,98072,490,平行录取二段,学前教育 教育技术学 小学教育
武汉体育学院体育科技学院,独立学院,--,--,--,--,--,--,学前教育
南京审计大学金审学院,其他,--,--,490.00,156885,490,平行录取二段,学前教育
北京美国英语语言学院,专科（高职）,--,--,--,--,--,--,学前教育
上海外国语大学贤达经济人文学院,独立学院,585.00,--,537.00,108765,490,平行录取二段,学前教育
河南大学民生学院,独立学院,--,--,528.00,118144,490,平行录取二段,学前教育
四川工商学院,普通本科,543.00,--,528.00,118144,490,平行录取二段,学前教育
荆楚理工学院,普通本科,566.00,557.90,551.00,93653,490,平行录取二段,学前教育 小学教育
荆楚理工学院,普通本科,537.00,497.84,476.00,169563,344,平行录取三段,学前教育 小学教育
亳州学院,普通本科,--,--,--,--,--,--,学前教育 小学教育
兴安职业技术学院,专科（高职）,--,--,--,--,--,--,学前教育 小学教育
呼和浩特职业学院,专科（高职）,--,--,--,--,--,--,学前教育
锡林郭勒职业学院,专科（高职）,--,--,--,--,--,--,学前教育
吕梁学院,普通本科,--,--,--,--,--,--,学前教育
山西应用科技学院,普通本科,524.00,--,489.00,157827,490,平行录取二段,学前教育
兰州文理学院,普通本科,--,--,--,--,--,--,学前教育
蚌埠学院,普通本科,--,--,554.00,90427,490,平行录取二段,学前教育 小学教育
池州学院,普通本科,--,--,564.00,79493,490,平行录取二段,学前教育
安徽新华学院,普通本科,--,--,--,--,--,--,学前教育
武夷学院,普通本科,566.00,560.50,555.00,89385,490,平行录取二段,学前教育 小学教育
新乡学院,普通本科,562.00,--,547.00,98072,490,平行录取二段,学前教育 小学教育
河南财政金融学院,普通本科,--,--,--,--,--,--,学前教育
武昌工学院,普通本科,545.00,518.72,490.00,156885,490,平行录取二段,学前教育
武昌工学院,普通本科,520.00,461.08,365.00,229573,344,平行录取三段,学前教育
长江大学文理学院,独立学院,--,--,--,--,--,--,学前教育
湖南女子学院,普通本科,558.00,--,550.00,94794,490,平行录取二段,学前教育
河北美术学院,普通本科,--,--,--,--,--,--,艺术教育
广州美术学院,普通本科,--,--,601.00,40056,588,平行录取一段,艺术教育
广州美术学院,普通本科,--,--,587.00,54216,490,平行录取二段,艺术教育
四川传媒学院,普通本科,--,--,--,--,--,--,艺术教育
河北农业大学,普通本科,--,--,--,--,--,--,艺术教育
厦门大学,普通本科,670.00,658.33,619.00,24442,588,平行录取一段,艺术教育
厦门大学,普通本科,670.00,658.33,652.00,6165,490,平行录取二段,艺术教育
云南艺术学院,普通本科,--,--,--,--,--,--,艺术教育
香港教育大学,普通本科,--,--,--,--,--,--,科学教育 小学教育
陇东学院,普通本科,--,--,--,--,--,--,科学教育
浙江外国语学院,普通本科,--,--,588.00,53141,588,平行录取一段,科学教育 小学教育
浙江外国语学院,普通本科,--,--,501.00,146165,490,平行录取二段,科学教育 小学教育
山东体育学院,普通本科,--,--,--,--,--,--,特殊教育 教育技术学
滨州医学院,普通本科,--,--,588.00,53141,588,平行录取一段,特殊教育
滨州医学院,普通本科,--,--,570.00,72877,490,平行录取二段,特殊教育
济南大学,普通本科,--,--,588.00,53141,588,平行录取一段,特殊教育
济南大学,普通本科,--,--,584.00,57599,490,平行录取二段,特殊教育
北京语言大学,普通本科,--,--,629.00,17343,588,平行录取一段,特殊教育
长春大学,普通本科,--,--,588.00,53141,588,平行录取一段,特殊教育 教育技术学
长春大学,普通本科,--,--,490.00,156885,490,平行录取二段,特殊教育 教育技术学
长春大学,普通本科,--,--,466.00,177960,344,平行录取三段,特殊教育 教育技术学
西安体育学院,普通本科,--,--,554.00,90427,490,平行录取二段,特殊教育
赤峰学院,普通本科,--,--,--,--,--,--,教育技术学 小学教育
宁夏大学,普通本科,--,--,588.00,53141,588,平行录取一段,教育技术学 小学教育
江南大学,普通本科,646.00,634.00,627.00,18652,588,平行录取一段,教育技术学 小学教育
天津外国语大学,普通本科,607.00,--,589.00,52072,588,平行录取一段,教育技术学
燕山大学,普通本科,624.00,--,598.00,42923,588,平行录取一段,教育技术学
石家庄铁道大学,普通本科,605.00,--,588.00,53141,588,平行录取一段,教育技术学
石家庄铁道大学,普通本科,--,--,578.00,64173,490,平行录取二段,教育技术学
广西大学,普通本科,--,--,607.00,34501,588,平行录取一段,教育技术学
南京大学,普通本科,--,--,667.00,2369,588,平行录取一段,教育技术学
武汉理工大学,普通本科,640.00,634.65,624.00,20669,588,平行录取一段,教育技术学
上海外国语大学,普通本科,--,--,652.00,6165,588,平行录取一段,教育技术学
杭州电子科技大学,普通本科,--,--,608.00,33571,588,平行录取一段,教育技术学
南京邮电大学,普通本科,636.00,627.50,620.00,23678,588,平行录取一段,教育技术学
江苏大学,普通本科,604.00,--,571.00,71762,588,平行录取一段,教育技术学
江西农业大学,普通本科,--,--,588.00,53141,588,平行录取一段,教育技术学
江西农业大学,普通本科,--,--,560.00,83957,490,平行录取二段,教育技术学
南昌航空大学,普通本科,601.00,581.00,568.00,75133,588,平行录取一段,教育技术学
南昌航空大学,普通本科,--,--,568.00,75133,490,平行录取二段,教育技术学
九江学院,普通本科,--,--,490.00,156885,490,平行录取二段,教育技术学
九江学院,普通本科,--,--,483.00,163370,344,平行录取三段,教育技术学
沈阳体育学院,普通本科,--,--,--,--,--,--,教育技术学
浙江海洋大学,普通本科,--,--,588.00,53141,588,平行录取一段,教育技术学 小学教育
浙江海洋大学,普通本科,--,--,562.00,81741,490,平行录取二段,教育技术学 小学教育
中北大学,普通本科,591.00,587.00,583.00,58692,588,平行录取一段,教育技术学
中北大学,普通本科,--,--,577.00,65245,490,平行录取二段,教育技术学
山西大同大学,普通本科,--,--,552.00,92541,490,平行录取二段,教育技术学 小学教育
深圳大学,普通本科,645.00,638.00,630.00,16683,588,平行录取一段,教育技术学
长春工业大学,普通本科,--,--,544.00,101293,490,平行录取二段,教育技术学
南华大学,普通本科,--,--,588.00,53141,588,平行录取一段,教育技术学
南华大学,普通本科,--,--,561.00,82841,490,平行录取二段,教育技术学
湖南科技学院,普通本科,--,--,555.00,89385,490,平行录取二段,教育技术学
贵州大学,普通本科,625.00,--,606.00,35389,588,平行录取一段,教育技术学
武汉纺织大学,普通本科,601.00,594.00,588.00,53141,588,平行录取一段,教育技术学
武汉纺织大学,普通本科,587.00,573.00,563.00,80624,490,平行录取二段,教育技术学
东北石油大学,普通本科,576.00,574.00,572.00,70694,588,平行录取一段,教育技术学
东北石油大学,普通本科,--,--,572.00,70694,490,平行录取二段,教育技术学
武汉体育学院,普通本科,--,--,556.00,88305,490,平行录取二段,教育技术学
西北民族大学,普通本科,570.00,559.00,548.00,96962,490,平行录取二段,教育技术学
延安大学西安创新学院,独立学院,--,--,--,--,--,--,小学教育
郑州财经学院,普通本科,--,--,--,--,--,--,小学教育
西安翻译学院,普通本科,--,--,490.00,156885,490,平行录取二段,小学教育
西安翻译学院,普通本科,--,--,410.00,213525,344,平行录取三段,小学教育
辽东学院,普通本科,--,--,--,--,--,--,小学教育
重庆三峡学院,普通本科,572.00,560.73,551.00,93653,490,平行录取二段,小学教育
大连大学,普通本科,--,--,588.00,53141,588,平行录取一段,小学教育
大连大学,普通本科,602.00,582.00,566.00,77285,490,平行录取二段,小学教育
河北科技学院,普通本科,--,--,509.00,138225,490,平行录取二段,小学教育
河北科技学院,普通本科,--,--,550.00,94794,344,平行录取三段,小学教育
陕西服装工程学院,普通本科,--,485.00,359.00,231107,490,平行录取二段,小学教育
陕西服装工程学院,普通本科,--,--,344.00,234340,344,平行录取三段,小学教育
东莞理工学院,普通本科,563.00,563.00,563.00,80624,490,平行录取二段,小学教育
黑龙江外国语学院,普通本科,530.00,--,500.00,147173,490,平行录取二段,小学教育
合肥学院,普通本科,--,--,550.00,94794,490,平行录取二段,小学教育
西安外事学院,普通本科,--,--,490.00,156885,490,平行录取二段,小学教育
西安外事学院,普通本科,499.00,414.00,329.00,234340,344,平行录取三段,小学教育
燕京理工学院,普通本科,--,--,513.00,134025,490,平行录取二段,小学教育
燕京理工学院,普通本科,--,--,551.00,93653,344,平行录取三段,小学教育
湖南城市学院,普通本科,--,557.00,552.00,92541,490,平行录取二段,小学教育
江西应用科技学院,普通本科,--,--,490.00,156885,490,平行录取二段,小学教育
江西应用科技学院,普通本科,--,--,344.00,234340,344,平行录取三段,小学教育
湖北民族大学,普通本科,--,--,551.00,93653,490,平行录取二段,小学教育
